{"cameraMode":{"drawMode":0,"name":"Shaded","section":"Shading Mode"},"sceneLighting":false,"audioPlay":false,"sceneViewState":{"showFog":true,"showMaterialUpdate":false,"showSkybox":false,"showFlares":true,"showImageEffects":true,"showParticleSystems":true},"in2DMode":false,"pivot":{"x":0.21011513471603394,"y":1.6123046875,"z":3.2456002235412599},"rotation":{"x":0.039731670171022418,"y":0.8454566597938538,"z":-0.0635284036397934,"w":0.5287614464759827},"size":5.507460594177246,"orthographic":true}